Round Id,Course,Scorecard Id,Tee Type,Scorecard Type,Handicap Type,Handicap,Hole Id,Hole Number,Par,Stroke Index,Score,Putts,Drive Result,Penalty Strokes,Bunker Hit,Net Score,Strokes Taken,Date Inserted
83544853,Johnny Goodman Golf Course,91058757,white,stroke play,basic handicap,5,57887,1,4,15,5,3,,,,5,0,2025-10-18T15:24:02.000000Z
83544853,Johnny Goodman Golf Course,91058757,white,stroke play,basic handicap,5,57890,2,5,7,6,2,,,,6,0,2025-10-18T15:24:02.000000Z
83544853,Johnny Goodman Golf Course,91058757,white,stroke play,basic handicap,5,57893,3,4,13,5,2,,,,5,0,2025-10-18T15:24:02.000000Z
83544853,Johnny Goodman Golf Course,91058757,white,stroke play,basic handicap,5,57896,4,3,5,3,2,,,,2,1,2025-10-18T15:24:02.000000Z
83544853,Johnny Goodman Golf Course,91058757,white,stroke play,basic handicap,5,57899,5,4,1,4,1,,,,3,1,2025-10-18T15:24:02.000000Z
83544853,Johnny Goodman Golf Course,91058757,white,stroke play,basic handicap,5,57902,6,4,9,6,3,,,,6,0,2025-10-18T15:24:02.000000Z
83544853,Johnny Goodman Golf Course,91058757,white,stroke play,basic handicap,5,57906,7,3,17,4,2,,,,4,0,2025-10-18T15:24:02.000000Z
83544853,Johnny Goodman Golf Course,91058757,white,stroke play,basic handicap,5,57909,8,5,11,5,1,,,,5,0,2025-10-18T15:24:02.000000Z
83544853,Johnny Goodman Golf Course,91058757,white,stroke play,basic handicap,5,57912,9,4,3,4,2,,,,3,1,2025-10-18T15:24:02.000000Z
83544853,Johnny Goodman Golf Course,91058757,white,stroke play,basic handicap,5,57915,10,4,10,5,3,,,,5,0,2025-10-18T15:24:02.000000Z
83544853,Johnny Goodman Golf Course,91058757,white,stroke play,basic handicap,5,57917,11,5,6,5,2,,,,5,0,2025-10-18T15:24:02.000000Z
83544853,Johnny Goodman Golf Course,91058757,white,stroke play,basic handicap,5,57920,12,4,16,4,2,,,,4,0,2025-10-18T15:24:02.000000Z
83544853,Johnny Goodman Golf Course,91058757,white,stroke play,basic handicap,5,57923,13,3,8,3,2,,,,3,0,2025-10-18T15:24:02.000000Z
83544853,Johnny Goodman Golf Course,91058757,white,stroke play,basic handicap,5,57926,14,4,12,4,1,,,,4,0,2025-10-18T15:24:02.000000Z
83544853,Johnny Goodman Golf Course,91058757,white,stroke play,basic handicap,5,57928,15,4,14,6,2,,,,6,0,2025-10-18T15:24:02.000000Z
83544853,Johnny Goodman Golf Course,91058757,white,stroke play,basic handicap,5,57931,16,5,4,5,2,,,,4,1,2025-10-18T15:24:02.000000Z
83544853,Johnny Goodman Golf Course,91058757,white,stroke play,basic handicap,5,57933,17,3,18,4,2,,,,4,0,2025-10-18T15:24:02.000000Z
83544853,Johnny Goodman Golf Course,91058757,white,stroke play,basic handicap,5,57936,18,4,2,4,1,,,,3,1,2025-10-18T15:24:02.000000Z
83391781,Benson Park Golf Course,90892239,white,stroke play,basic handicap,5,503611,1,4,5,5,1,,,,4,1,2025-10-12T13:07:20.000000Z
83391781,Benson Park Golf Course,90892239,white,stroke play,basic handicap,5,503612,2,4,9,5,2,,,,5,0,2025-10-12T13:07:20.000000Z
83391781,Benson Park Golf Course,90892239,white,stroke play,basic handicap,5,503613,3,5,7,5,1,,,,5,0,2025-10-12T13:07:20.000000Z
83391781,Benson Park Golf Course,90892239,white,stroke play,basic handicap,5,503614,4,3,15,3,1,,,,3,0,2025-10-12T13:07:20.000000Z
83391781,Benson Park Golf Course,90892239,white,stroke play,basic handicap,5,503615,5,4,1,5,2,,,,4,1,2025-10-12T13:07:20.000000Z
83391781,Benson Park Golf Course,90892239,white,stroke play,basic handicap,5,503616,6,3,17,3,1,,,,3,0,2025-10-12T13:07:20.000000Z
83391781,Benson Park Golf Course,90892239,white,stroke play,basic handicap,5,503617,7,4,13,6,2,,,,6,0,2025-10-12T13:07:20.000000Z
83391781,Benson Park Golf Course,90892239,white,stroke play,basic handicap,5,503618,8,5,11,4,1,,,,4,0,2025-10-12T13:07:20.000000Z
83391781,Benson Park Golf Course,90892239,white,stroke play,basic handicap,5,503619,9,4,3,5,2,,,,4,1,2025-10-12T13:07:20.000000Z
83391781,Benson Park Golf Course,90892239,white,stroke play,basic handicap,5,503620,10,4,8,4,1,,,,4,0,2025-10-12T13:07:20.000000Z
83391781,Benson Park Golf Course,90892239,white,stroke play,basic handicap,5,503621,11,5,10,5,1,,,,5,0,2025-10-12T13:07:20.000000Z
83391781,Benson Park Golf Course,90892239,white,stroke play,basic handicap,5,503622,12,4,14,4,1,,,,4,0,2025-10-12T13:07:20.000000Z
83391781,Benson Park Golf Course,90892239,white,stroke play,basic handicap,5,503623,13,3,16,4,1,,,,4,0,2025-10-12T13:07:20.000000Z
83391781,Benson Park Golf Course,90892239,white,stroke play,basic handicap,5,503624,14,4,2,4,2,,,,3,1,2025-10-12T13:07:20.000000Z
83391781,Benson Park Golf Course,90892239,white,stroke play,basic handicap,5,503625,15,5,4,5,2,,,,4,1,2025-10-12T13:07:20.000000Z
83391781,Benson Park Golf Course,90892239,white,stroke play,basic handicap,5,503626,16,3,18,3,2,,,,3,0,2025-10-12T13:07:20.000000Z
83391781,Benson Park Golf Course,90892239,white,stroke play,basic handicap,5,503627,17,4,6,4,1,,,,4,0,2025-10-12T13:07:20.000000Z
83391781,Benson Park Golf Course,90892239,white,stroke play,basic handicap,5,503628,18,4,12,5,2,,,,5,0,2025-10-12T13:07:20.000000Z
83195757,Benson Park Golf Course,90678063,white,stroke play,basic handicap,5,503611,1,4,5,6,1,,,,5,1,2025-10-05T12:48:34.000000Z
83195757,Benson Park Golf Course,90678063,white,stroke play,basic handicap,5,503612,2,4,9,5,1,,,,5,0,2025-10-05T12:48:34.000000Z
83195757,Benson Park Golf Course,90678063,white,stroke play,basic handicap,5,503613,3,5,7,6,3,,,,6,0,2025-10-05T12:48:34.000000Z
83195757,Benson Park Golf Course,90678063,white,stroke play,basic handicap,5,503614,4,3,15,3,1,,,,3,0,2025-10-05T12:48:34.000000Z
83195757,Benson Park Golf Course,90678063,white,stroke play,basic handicap,5,503615,5,4,1,6,2,,,,5,1,2025-10-05T12:48:34.000000Z
83195757,Benson Park Golf Course,90678063,white,stroke play,basic handicap,5,503616,6,3,17,2,1,,,,2,0,2025-10-05T12:48:34.000000Z
83195757,Benson Park Golf Course,90678063,white,stroke play,basic handicap,5,503617,7,4,13,4,1,,,,4,0,2025-10-05T12:48:34.000000Z
83195757,Benson Park Golf Course,90678063,white,stroke play,basic handicap,5,503618,8,5,11,4,2,,,,4,0,2025-10-05T12:48:34.000000Z
83195757,Benson Park Golf Course,90678063,white,stroke play,basic handicap,5,503619,9,4,3,4,2,,,,3,1,2025-10-05T12:48:34.000000Z
83195757,Benson Park Golf Course,90678063,white,stroke play,basic handicap,5,503620,10,4,8,5,1,,,,5,0,2025-10-05T12:48:34.000000Z
83195757,Benson Park Golf Course,90678063,white,stroke play,basic handicap,5,503621,11,5,10,5,2,,,,5,0,2025-10-05T12:48:34.000000Z
83195757,Benson Park Golf Course,90678063,white,stroke play,basic handicap,5,503622,12,4,14,5,3,,,,5,0,2025-10-05T12:48:34.000000Z
83195757,Benson Park Golf Course,90678063,white,stroke play,basic handicap,5,503623,13,3,16,4,1,,,,4,0,2025-10-05T12:48:34.000000Z
83195757,Benson Park Golf Course,90678063,white,stroke play,basic handicap,5,503624,14,4,2,4,2,,,,3,1,2025-10-05T12:48:34.000000Z
83195757,Benson Park Golf Course,90678063,white,stroke play,basic handicap,5,503625,15,5,4,4,2,,,,3,1,2025-10-05T12:48:34.000000Z
83195757,Benson Park Golf Course,90678063,white,stroke play,basic handicap,5,503626,16,3,18,3,1,,,,3,0,2025-10-05T12:48:34.000000Z
83195757,Benson Park Golf Course,90678063,white,stroke play,basic handicap,5,503627,17,4,6,3,1,,,,3,0,2025-10-05T12:48:34.000000Z
83195757,Benson Park Golf Course,90678063,white,stroke play,basic handicap,5,503628,18,4,12,4,2,,,,4,0,2025-10-05T12:48:34.000000Z